{"cameraMode":{"drawMode":0,"name":"Shaded","section":"Shading Mode"},"sceneLighting":true,"audioPlay":false,"sceneViewState":{"showFog":true,"showMaterialUpdate":false,"showSkybox":true,"showFlares":true,"showImageEffects":true,"showParticleSystems":true},"in2DMode":false,"pivot":{"x":109.35535430908203,"y":85.2573013305664,"z":-105.50170135498047},"rotation":{"x":0.23011800646781922,"y":-0.0700048953294754,"z":0.016591189429163934,"w":0.970508873462677},"size":1.6928386688232422,"orthographic":false}