{"cameraMode":{"drawMode":0,"name":"Shaded","section":"Shading Mode"},"sceneLighting":true,"audioPlay":false,"sceneViewState":{"m_AlwaysRefresh":false,"showFog":true,"showSkybox":true,"showFlares":true,"showImageEffects":true,"showParticleSystems":true,"showVisualEffectGraphs":true,"m_FxEnabled":true},"in2DMode":false,"pivot":{"x":1277.65771484375,"y":1362.2325439453125,"z":6.682220458984375},"rotation":{"x":0.031042540445923806,"y":-0.9687132835388184,"z":0.1616080105304718,"w":0.18590028584003449},"size":1287.2266845703125,"orthographic":false}